{
  "conv_1_3x3": 111.75,
  "stage_1": {
    "0": { "conv_a": 55.83799, "conv_b": 55.865845 },
    "1": { "conv_a": 55.910255, "conv_b": 55.97559 },
    "2": { "conv_a": 55.99012,  "conv_b": 55.99531 },
    "3": { "conv_a": 56.00048,  "conv_b": 56.00562 },
    "4": { "conv_a": 56.01077,  "conv_b": 56.01591 }
  },
  "stage_2": {
    "0": { "conv_a": 27.997513, "conv_b": 27.997683, "downsample.avg": 27.992077 },
    "1": { "conv_a": 27.993711, "conv_b": 27.998768 },
    "2": { "conv_a": 27.99910,  "conv_b": 27.99930 },
    "3": { "conv_a": 27.99950,  "conv_b": 27.99965 },
    "4": { "conv_a": 27.99978,  "conv_b": 27.99990 }
  },
  "stage_3": {
    "0": { "conv_a": 13.996014, "conv_b": 13.99972,  "downsample.avg": 13.999835 },
    "1": { "conv_a": 13.999457, "conv_b": 13.999506 },
    "2": { "conv_a": 13.99955,  "conv_b": 13.99959 },
    "3": { "conv_a": 13.99962,  "conv_b": 13.99965 },
    "4": { "conv_a": 13.99967,  "conv_b": 13.99969 }
  },
  "classifier": "linear"
}
