{
    "classifier.0.weight": {
        "shape": [
            512,
            512
        ],
        "l1_rank": 5621.24853515625,
        "avg_l1_rank": 0.021443361416459084,
        "l2_rank": 1.5045257806777954,
        "frobenius_rank": 12.75115966796875,
        "svd_rank": {
            "true_rank": 512,
            "effective_rank": 502,
            "top_5_singular_values": [
                1.5045257806777954,
                1.3868173360824585,
                1.3606300354003906,
                1.2786873579025269,
                1.1746612787246704
            ]
        }
    },
    "classifier.3.weight": {
        "shape": [
            10,
            512
        ],
        "l1_rank": 161.6301727294922,
        "avg_l1_rank": 0.03156839311122894,
        "l2_rank": 1.6049771308898926,
        "frobenius_rank": 2.7835590839385986,
        "svd_rank": {
            "true_rank": 10,
            "effective_rank": 10,
            "top_5_singular_values": [
                1.604977011680603,
                1.085025668144226,
                1.0362805128097534,
                0.9436398148536682,
                0.7283240556716919
            ]
        }
    }
}