{
    "classifier.0.weight": {
        "shape": [
            512,
            512
        ],
        "l1_rank": 4163.2236328125,
        "avg_l1_rank": 0.015881437808275223,
        "l2_rank": 1.6495498418807983,
        "frobenius_rank": 9.682324409484863,
        "svd_rank": {
            "true_rank": 512,
            "effective_rank": 499,
            "top_5_singular_values": [
                1.6495497226715088,
                1.567405343055725,
                1.5559368133544922,
                1.5079841613769531,
                1.4615577459335327
            ]
        }
    },
    "classifier.3.weight": {
        "shape": [
            10,
            512
        ],
        "l1_rank": 229.188720703125,
        "avg_l1_rank": 0.0447634220123291,
        "l2_rank": 2.0341362953186035,
        "frobenius_rank": 3.8263180255889893,
        "svd_rank": {
            "true_rank": 10,
            "effective_rank": 10,
            "top_5_singular_values": [
                2.0341367721557617,
                1.4208755493164062,
                1.4040123224258423,
                1.2387313842773438,
                1.1394788026809692
            ]
        }
    }
}