{
    "features.0": 31.5571044921875,
    "features.3": 31.9806396484375,
    "features.7": 15.99921875,
    "features.10": 15.99954833984375,
    "features.14": 7.999957275390625,
    "features.17": 7.9998779296875,
    "features.20": 7.99979248046875,
    "features.24": 3.999957275390625,
    "features.27": 3.999945068359375,
    "features.30": 3.9999114990234377,
    "features.34": 2.0,
    "features.37": 1.9999969482421875,
    "features.40": 2.0,
    "classifier.0": 1.0,
    "classifier.3": 1.0
}
